Individual Race Samples,Date,Race Event Name,Race Number,Horse Name,Jockey,Last Raced,Weight,Start Position,Finish Position,Odds,LIFE%WIN,AVESPRAT,W/RACE,LSPEDRAT,JOCK%WIN,JOCK#WIN,JIMISTDATA,NEWDIST,timeSinceLastRace,Age Of Horse,finishingPostioninLastRace,,,weightCarriedInPastRace,Binary Odds
,4/4/2023,Turf Paradise,151,Rolinga,Luis Valenzuela,3/5/2023,124,4,0,4.7,0,70,"$17,097.00 ",71,,,,,30,7, 6/7,6,0.86,123,0
,4/4/2023,Turf Paradise,151,Nice Ice,Fausto Da Silva,11/25/2022,124,8,0,2,0,77.25,"$6,255.00 ",79,,,,,130,8,11-Aug,8,0.73,125,1
,4/4/2023,Turf Paradise,151,Stradari,Luis Negron,3/21/2023,124,2,0,0.8,0,61.5,"$28,468.00 ",49,,,,,14,6, 2/7,2,0.29,123,0
,4/4/2023,Turf Paradise,151,Canterbury Gold,Rigo Sarmiento,3/26/2023,124,1,0,11.6,0.125,54,"$7,626.00 ",56,,,,,9,6,6-Feb,2,0.33,124,0
,4/4/2023,Turf Paradise,151,Chicks Dig Munny,Crystal Conning,3/12/2023,124,6,0,22.1,0.1,55.75,"$1,735.00 ",63,,,,,23,5, 4/9,4,0.44,124,0
,4/4/2023,Turf Paradise,151,Earlynthemorn,Enrique Garcia,3/26/2023,124,7,0,62.5,0.0714,51,"$2,602.00 ",33,,,,,9,6, 7/9,7,0.78,124,0
,4/4/2023,Turf Paradise,151,My Expression,Aldo Arboleda,3/21/2023,124,3,0,6.8,0,52,"$2,160.00 ",43,,,,,14,9,6-Jun,6,1,127,0
,4/4/2023,Turf Paradise,151,Le Tub,Anaya Alex,3/21/2023,124,5,0,12.3,0.25,54,"$2,677.00 ",50,,,,,14,6,6-Mar,3,0.5,127,0
,4/4/2023,Mahonning Valley Race Course,152,Lemon Mousse,Renzo Diaz,3/20/2023,117,1,0,0.4,0.1429,52.5,"$83,305.00 ",56,,,,,15,3, 2/9,2,0.22,118,1
,4/4/2023,Mahonning Valley Race Course,152,Better Half,Jeffrey Sanchez,11/30/2022,125,2,0,7.4,0.25,36.5,"$30,045.00 ",44,,,,,125,3, 1/8,1,0.13,122,0
,4/4/2023,Mahonning Valley Race Course,152,Express Fashion,Erik Barbaran,3/20/2023,118,7,0,0.4,0.1,51,"$33,895.00 ",48,,,,,15,3, 4/9,4,0.44,118,0
,4/4/2023,Mahonning Valley Race Course,152,Late Date,Jose Bracho,3/2/2023,124,8,0,6.9,0.0625,40.75,"$14,990.00 ",49,,,,,33,4,6-Apr,4,0.67,124,0
,4/4/2023,Mahonning Valley Race Course,152,Reys Pina,Angel Diaz,3/8/2023,124,5,0,6.9,0.0909,33.25,"$15,073.00 ",38,,,,,27,4, 5/6,5,0.83,124,0
,4/4/2023,Mahonning Valley Race Course,152,Starliteslew,Luis Rivera,3/20/2023,124,3,0,40.2,0.0833,31,"$18,474.00 ",26,,,,,15,4, 7/9,7,0.78,124,0
,4/4/2023,Mahonning Valley Race Course,152,Beautiful Lass,Fernando Salazar Becerra,3/20/2023,124,6,0,3.5,0.0556,49.75,"$68,267.00 ",56,,,,,15,4,9-Mar,3,0.33,124,0
,4/4/2023,Mahonning Valley Race Course,152,Curiosity Kills,Victor Salazar Becerra ,3/2/2023,124,4,0,44,0.0556,23,"$7,744.00 ",29,,,,,33,5, 5/6,5,0.83,124,0
,4/4/2023,Mahonning Valley Race Course,153,Curisoty Kills,Luis Batista,3/13/2023,124,6,0,2.3,0.125,54,"$38,705.00 ",59,,,,,22,5,10-Feb,2,0.2,124,1
,4/4/2023,Mahonning Valley Race Course,153,Lucky Cat Too,Gabriel Lagunes,3/24/2023,124,4,0,2,0.1429,58.75,"$22,998.00 ",57,,,,,11,4,9-Mar,3,0.33,126,0
,4/4/2023,Mahonning Valley Race Course,153,Speedy Fire ,Leandro Briceno,3/27/2023,119,1,0,8.2,0,46,"$6,637.00 ",45,,,,,8,5, 2/7,2,0.29,119,0
,4/4/2023,Mahonning Valley Race Course,153,Fiona,Luis Rivea,2/20/2023,124,2,0,8.7,0.1667,44.25,"$14,288.00 ",52,,,,,43,4,11-Apr,4,0.36,124,0
,4/4/2023,Mahonning Valley Race Course,153,Lelawala,Kevin Gonzalez,3/23/2023,124,7,0,11.5,0,41,"$17,075.00 ",17,,,,,12,4,9-Sep,9,1,124,0
,4/4/2023,Mahonning Valley Race Course,153,Scarrazano,Frank Reyes,1/19/2023,124,5,0,2.5,0.0714,57,$414.00 ,48,,,,,75,5, 7/9,7,0.78,124,0
,4/4/2023,Mahonning Valley Race Course,153,Gregs Posse,Fernando Salazar Becerra,2/27/2023,124,3,0,38.2,0,34.5,$979.00 ,35,,,,,36,6, 5/7,5,0.71,124,0
,4/4/2023,Mahonning Valley Race Course,154,Uncaptured Faith,Luis Batista,3/23/2023,124,2,0,8.4,0.0667,53.25,"$15,288.00 ",65,,,,,12,4, 4/9,4,0.44,124,1
,4/4/2023,Mahonning Valley Race Course,154,Shrimpie ,Luis Gonzalez,3/18/2023,124,3,0,2,0.0909,74.25,"$29,315.00 ",80,,,,,17,4, 4/9,4,0.44,124,0
,4/4/2023,Mahonning Valley Race Course,154,Unescorted,Erik Barbaran,3/23/2023,118,1,0,13.1,0.125,48.25,"$18,158.00 ",44,,,,,12,3, 7/9,7,0.78,118,0
,4/4/2023,Mahonning Valley Race Course,154,Miss Matchmaker,Yan Aviles,2/23/2023,124,6,0,1.1,0.1429,68.75,"$4,724.00 ",68,,,,,40,4,12-Jul,7,0.58,123,0
,4/4/2023,Mahonning Valley Race Course,154,Endless,Sata Hess,3/18/2023,119,9,0,22.7,0.1,48.25,"$15,165.00 ",68,,,,,17,4,11-Feb,2,0.18,114,0
,4/4/2023,Mahonning Valley Race Course,154,Gran Chemin,Hector Rosario Jr,3/18/2023,124,5,0,19.9,0.1667,58,"$12,104.00 ",63,,,,,17,6,9-Sep,9,1,124,0
,4/4/2023,Mahonning Valley Race Course,154,Sophisticated,Jose Bracho,2/8/2023,124,4,0,12.1,0.1111,64,"$10,075.00 ",69,,,,,55,4,10-Feb,2,0.2,124,0
,4/4/2023,Mahonning Valley Race Course,154,Playful Summer,Chelsey Keiser,3/9/2023,124,8,0,32.8,0.0769,50.75,"$8,938.00 ",54,,,,,26,4, 2/7,2,0.29,124,0
,4/4/2023,Mahonning Valley Race Course,154,Friend,Mauro Cedillo,3/9/2023,119,7,0,20,0.05,60.5,"$1,425.00 ",70,,,,,26,4, 3/7,3,0.43,122,0
,4/4/2023,Mahonning Valley Race Course,155,Drop Anchor,Jose Bracho,3/24/2023,124,5,0,5.7,0,67.25,"$18,962.00 ",76,,,,,11,5, 3/7,3,0.43,119,1
,4/4/2023,Mahonning Valley Race Course,155,Killer Bee,Luis Gonzalez,3/17/2023,124,4,0,1.8,0,74.75,"$11,404.00 ",81,,,,,18,5,12-Jun,6,0.5,124,0
,4/4/2023,Mahonning Valley Race Course,155,On Spot,Kevin Gonzalez,2/7/2023,124,2,0,73.9,0.0833,49.75,"$6,051.00 ",50,,,,,56,4,9-Sep,9,1,119,0
,4/4/2023,Mahonning Valley Race Course,155,Fishing For Fun,Luis Batista,3/15/2023,124,1,0,7.4,0.0526,54.75,"$30,904.00 ",55,,,,,20,4, 7/8,7,0.88,124,0
,4/4/2023,Mahonning Valley Race Course,155,Alfio,Alex Gonzalez,3/6/2023,124,3,0,2.6,0.0909,68.5,"$80,996.00 ",63,,,,,29,4, 7/8,7,0.88,126,0
,4/4/2023,Mahonning Valley Race Course,155,Father Patrick,Angel Diaz,2/24/2023,124,6,0,18,0.0833,61,"$9,489.00 ",60,,,,,39,4,12-Dec,12,1,122,0
,4/4/2023,Mahonning Valley Race Course,155,One Lucky Day,Mauro Cedillo,3/24/2023,119,7,0,2.8,0.0769,64.75,"$20,628.00 ",75,,,,,11,4, 4/7,4,0.57,124,0
,4/4/2023,Mahonning Valley Race Course,156,Mystique Saboteur,Alex Gonzalez,2/20/2023,124,1,0,2.9,0.1111,73.25,"$27,230.00 ",82,,,,,43,4, 3/7,3,0.43,124,1
,4/4/2023,Mahonning Valley Race Course,156,Sally Strong,Luis Rivera,8/13/2022,124,3,0,2.1,0,79.75,"$28,222.00 ",79,,,,,234,6, 4/9,4,0.44,123,0
,4/4/2023,Mahonning Valley Race Course,156,Windy LU Who,Jose Bracho,3/14/2023,124,4,0,2.9,0.0769,86.5,"$51,080.00 ",80,,,,,21,6, 3/8,3,0.38,124,0
,4/4/2023,Mahonning Valley Race Course,156,MaureenLovesFrank,Edgar Paucar,3/17/2023,124,2,0,5.7,0.2353,75.5,"$40,275.00 ",79,,,,,18,5,12-Feb,2,0.17,120,0
,4/4/2023,Mahonning Valley Race Course,156,Perfectingtheview,Angel Diaz,3/14/2023,124,7,0,10.4,0.2,67.25,"$49,893.00 ",83,,,,,21,6,8-Feb,2,0.25,124,0
,4/4/2023,Mahonning Valley Race Course,156,Blazing Zenna ,Brandon Tapara,3/14/2023,124,6,0,7.7,0.2667,76.5,"$8,802.00 ",80,,,,,21,5,8-Apr,4,0.5,124,0
,4/4/2023,Mahonning Valley Race Course,156,Blonde By Nature,Luis Batista,3/28/2023,124,5,0,32.3,0.2308,56.25,"$8,459.00 ",61,,,,,7,6, 5/7,5,0.71,124,0
,4/4/2023,Mahonning Valley Race Course,156,Lieutenant Kitty,Mauro Cedillo,11/29/2022,119,8,0,59.6,0.0833,58,"$1,874.00 ",41,,,,,126,5,7-Jul,7,1,123,0
,4/4/2023,Parx Racing ,157,Jackie B Good,Adam Bownab,3/22/2023,123,5,0,0.7,0.0833,45.75,"$20,390.00 ",61,,,,,13,4, 2/7,2,0.29,123,1
,4/4/2023,Parx Racing ,157,Popthechampagne Ro,Gherson (Jason) Huayas,3/22/2023,113,3,0,8.2,0.1111,29.5,"$19,100.00 ",39,,,,,13,3, 3/7,3,0.43,111,0
,4/4/2023,Parx Racing ,157,Peach Be With Q,Ruben Silvera,3/17/2023,119,4,0,1.5,0.4,38.75,"$27,594.00 ",45,15%,109,,,18,3, 5/9,5,0.56,124,0
,4/4/2023,Parx Racing ,157,Say no More,Jorge Perez,3/20/2023,123,1,0,17.8,0.0833,28.25,"$16,090.00 ",38,,,,,15,4, 4/7,4,0.57,121,0
,4/4/2023,Parx Racing ,157,Misbehaving Lady,Silverstre Gonzalez,3/20/2023,123,2,0,32.4,0,28.25,"$10,090.00 ",40,,,,,15,5, 3/7,3,0.43,121,0
,4/4/2023,Parx Racing ,157,Sirenetta,Angel Guerere ,3/22/2023,118,7,0,71.5,0.0667,20.25,"$33,756.00 ",27,,,,,13,3,7-Jul,7,1,118,0
,4/4/2023,Parx Racing ,157,Princess Emma Jo,Jonathan Ocasio,3/22/2023,123,6,0,26.3,0.0769,26.25,"$19,300.00 ",37,,,,,13,4, 5/7,5,0.71,121,0
,4/4/2023,Parx Racing ,158,Double Dealer,Franklin Pennington,3/21/2023,126,3,0,0.5,0.25,66.25,"$39,000.00 ",75,,,,,14,4, 1/9,1,0.11,121,1
,4/4/2023,Parx Racing ,158,Hornbeam,Joseph Trejos,3/6/2023,123,4,0,2.8,0.1667,67,"$50,010.00 ",72,,,,,29,4,9-Mar,3,0.33,121,0
,4/4/2023,Parx Racing ,158,He'ssosubtle,Anthony Nunez,3/22/2023,123,7,0,8.1,0.1176,59.25,"$31,090.00 ",55,,,,,13,4, 5/6,5,0.83,121,0
,4/4/2023,Parx Racing ,158,Whata Guy,Jaime Torres,3/17/2023,121,6,0,10.6,0.125,45.75,"$28,824.00 ",67,,,,,18,5, 1/4,1,0.25,122,0
,4/4/2023,Parx Racing ,158,Dadashev,Franklin Gonzalez Jr,3/21/2023,123,1,0,22.3,0.0769,59.25,"$42,500.00 ",61,,,,,14,4,10-May,5,0.5,121,0
,4/4/2023,Parx Racing ,158,I Saw It All,Dereck Lopez,3/21/2023,114,2,0,84.2,0.0385,40.5,"$11,590.00 ",41,,,,,14,7,10-Oct,10,1,121,0
,4/4/2023,Parx Racing ,158,Transfer the Funds,Mychel Sanchez,3/11/2023,123,5,0,14.6,0.1429,56.25,"$17,199.00 ",72,,,,,24,6, 6/7,6,0.86,122,0
,4/4/2023,Parx Racing ,159,Under the Radar,Frankie Pennington,3/20/2023,123,3,0,1,0.1111,85.5,"$58,450.00 ",83,,,,,15,4, 3/7,3,0.43,121,1
,4/4/2023,Parx Racing ,159,Good Culture,Andy Hernandez,3/20/2023,123,1,0,1.5,0.1333,84,"$45,750.00 ",84,,,,,15,5, 2/7,2,0.29,121,0
,4/4/2023,Parx Racing ,159,Itwasthedevilsidea,Dexter Haddock,3/15/2023,126,2,0,3.3,0.2,71,"$49,010.00 ",78,,,,,20,6, 1/6,1,0.17,126,0
,4/4/2023,Parx Racing ,159,Kodapendent,Ruben Silvera,3/20/2023,123,4,0,8.3,0.1667,80,"$13,190.00 ",80,15%,109,,,15,5, 4/7,4,0.57,121,0
,4/4/2023,Parx Racing ,160,Meet The Elite,Anthony Nunez,1/30/2023,118,6,0,9.3,0.2,52.5,"$37,018.00 ",64,,,,,64,3, 2/7,2,0.29,118,1
,4/4/2023,Parx Racing ,160,Must Be Love,Silverstre Gonzalez,1/31/2023,123,1,0,3,0.0667,51.75,"$37,810.00 ",50,,,,,63,4, 6/7,6,0.86,116,0
,4/4/2023,Parx Racing ,160,Shiftinggears,Andy Hernandez,3/13/2023,118,7,0,16.2,0.5,28,"$24,550.00 ",58,,,,,22,3, 3/5,3,0.6,118,0
,4/4/2023,Parx Racing ,160,Coffee With Alex,Jeremy Laprida,4/23/2022,123,5,0,4.4,0.2,64.5,"$26,100.00 ",76,,,,,346,4, 6/7,6,0.86,119,0
,4/4/2023,Parx Racing ,160,Late to the Show,Jonathan Ocasio,1/31/2023,123,8,0,3.4,0.1,69.75,"$22,732.00 ",79,,,,,63,5, 2/7,2,0.29,121,0
,4/4/2023,Parx Racing ,160,Jackie's Pride,Rubem Silvera,3/17/2023,123,3,0,6.1,0,73.25,"$5,250.00 ",63,,,,,18,5,6-Apr,4,0.67,122,0
,4/4/2023,Parx Racing ,160,Boy's and Bullets,Yabriel Ramos,2/27/2023,113,2,0,19.8,0.5,26.75,"$20,660.00 ",61,,,,,36,3, 1/4,1,0.25,116,0
,4/4/2023,Parx Racing ,160,Minxzhippsdontleye,Frankie Pennington,3/13/2023,119,4,0,3.8,0.1429,58.25,"$72,606.00 ",59,,,,,22,3, 2/5,2,0.4,119,0
,4/4/2023,Parx Racing ,161,Drone Swarm,Luis Rivera,3/13/2023,123,2,0,48.2,0.0952,54.5,"$21,224.00 ",58,,,,,22,5, 5/7,5,0.71,111,1
,4/4/2023,Parx Racing ,161,Horse BE with You,Mychel Sanchez,3/22/2023,126,1,0,0.9,0.2,67.75,"$37,030.00 ",77,,,,,13,5, 1/6,1,0.17,124,0
,4/4/2023,Parx Racing ,161,Will  Take Control,Dexter Haddock,3/15/2023,123,3,0,2.9,0.1739,69.25,"$36,725.00 ",72,,,,,20,5, 4/7,4,0.57,124,0
,4/4/2023,Parx Racing ,161,Grit'n'grind,Andrew Wolfsont,2/28/2023,123,7,0,3.7,0.2222,72,"$32,090.00 ",71,,,,,35,10,10-Jun,6,0.6,124,0
,4/4/2023,Parx Racing ,161,Outrageous Bet,Adam Bowman,3/29/2023,123,5,0,9.7,0.2105,66.75,"$15,775.00 ",58,,,,,6,9, 7/8,7,0.88,111,0
,4/4/2023,Parx Racing ,161,Illustrious,Franklin Gonzalez Jr,3/17/2023,123,6,0,42.3,0.2222,55.75,"$4,298.00 ",45,,,,,18,4, 4/7,4,0.57,112,0
,4/4/2023,Parx Racing ,161,Stay Hydrated,Kemich De Jesus,3/16/2023,116,4,0,8.6,0.2857,56.5,"$26,512.00 ",17,,,,,19,6,9-Sep,9,1,120,0
,4/4/2023,Parx Racing ,162,Fine One Won,Andrew Wolfsont,3/13/2023,123,3,0,3.7,0.2,73.5,"$32,450.00 ",74,,,,,22,6,6-Apr,4,0.67,121,1
,4/4/2023,Parx Racing ,162,Miss Dillingham,Ruben Silvera,2/8/2023,123,1,0,3,0.3333,65.5,"$63,640.00 ",68,,,,,55,7, 3/8,3,0.38,124,0
,4/4/2023,Parx Racing ,162,Miss Loyalty,Jeremy Laprida,3/15/2023,123,5,0,10.5,0.0625,66.5,"$29,170.00 ",73,,,,,20,8, 2/7,2,0.29,121,0
,4/4/2023,Parx Racing ,162,luli's Dancer,Andy Hernandez,2/8/2023,123,6,0,11,0.2143,69.25,"$16,030.00 ",69,,,,,55,4,8-Feb,2,0.25,121,0
,4/4/2023,Parx Racing ,162,Ifihadachance,Mychel Sanchez,3/13/2023,126,2,0,0.8,0.3636,78.5,"$109,140.00 ",86,,,,,22,7, 1/6,1,0.17,121,0
,4/4/2023,Parx Racing ,162,Sugar Streak, Jorge Perez,3/13/2023,123,4,0,30.7,0.1875,45.75,"$22,170.00 ",51,,,,,22,7,6-Mar,3,0.5,121,0
,4/4/2023,Parx Racing ,163,Doctor Doom,Jonathan Ocasio,3/14/2023,123,1,0,6.4,0.2222,79.5,"$48,150.00 ",81,,,,,21,5, 5/6,5,0.83,121,1
,4/4/2023,Parx Racing ,163,Predominate,Silverstre Gonzalez,3/6/2023,123,8,0,17.3,0.1818,73.75,"$27,540.00 ",70,,,,,29,4,6-Mar,3,0.5,121,0
,4/4/2023,Parx Racing ,163,Beachwalker,Jaime Torres,3/6/2023,118,7,0,2.9,0.0714,82,"$69,160.00 ",76,,,,,29,6,6-Feb,2,0.33,121,0
,4/4/2023,Parx Racing ,163,Ouch Ouch Ouch,Jeremy Laprida,3/15/2023,123,3,0,6.6,0.1429,65.75,"$46,780.00 ",77,,,,,20,6,6-Feb,2,0.33,123,0
,4/4/2023,Parx Racing ,163,Storied Fella,Frankie Pennington,2/12/2023,123,4,0,14,0.1667,73,"$39,970.00 ",63,,,,,51,4, 6/7,6,0.86,120,0
,4/4/2023,Parx Racing ,163,Bird Ruler,Eliseo Ruiz,3/27/2023,113,2,0,47.6,0.1538,59.75,"$8,350.00 ",74,,,,,8,5, 3/8,3,0.38,111,0
,4/4/2023,Parx Racing ,163,Saint Marco,Gherson (Jason) Huayas,3/8/2023,121,6,0,3.6,0.1429,78,"$56,184.00 ",99,,,,,27,6, 1/8,1,0.13,114,0
,4/4/2023,Parx Racing ,163,Tuanis,Abner Adorno,2/9/2023,123,5,0,2,0.1,75.25,"$14,013.00 ",80,,,,,54,4,10-Mar,3,0.3,124,0
,4/4/2023,Parx Racing ,164,Ego Man,Silverstre Gonzalez,3/20/2023,123,1,0,1.4,0.2222,81,"$135,740.00 ",80,,,,,15,6, 3/7,3,0.43,121,1
,4/4/2023,Parx Racing ,164,Johnny Ritt,Gherson (Jason) Huayas,3/20/2023,118,2,0,5,0.1429,84.75,"$120,532.00 ",96,,,,,15,6, 1/7,1,0.14,121,0
,4/4/2023,Parx Racing ,164,In Sky We Trust,Frankie Pennington,3/15/2023,126,6,0,2.2,0.1538,89.5,"$69,415.00 ",95,,,,,20,6, 1/7,1,0.14,121,0
,4/4/2023,Parx Racing ,164,Ima Pharoah,Mychel Sanchez,2/21/2023,123,4,0,21.7,0.375,68,"$38,970.00 ",73,,,,,42,6, 1/6,1,0.17,121,0
,4/4/2023,Parx Racing ,164,B B Bad,Dexter Haddock,3/15/2023,123,3,0,3.4,0.1429,89.25,"$36,180.00 ",93,,,,,20,4, 2/7,2,0.29,121,0
,4/4/2023,Parx Racing ,164,Kefi ,Anthony Salgado,3/9/2023,126,5,0,17.3,0.3333,74.75,"$16,004.00 ",86,,,,,26,4, 1/8,1,0.13,120,0
,4/4/2023,Parx Racing ,165,Passage of LInes,Ruben Silvera,3/8/2023,123,7,0,2.5,0.2308,65.75,"$89,200.00 ",51,,,,,27,5,7-Jul,7,1,121,1
,4/4/2023,Parx Racing ,165,Gravel Road,Abner Adorno,3/15/2023,123,4,0,26.2,0.1429,59.25,"$35,780.00 ",15,,,,,20,6,9-Sep,9,1,121,0
,4/4/2023,Parx Racing ,165,Prince Filip,Yabriel Ramos,3/20/2023,118,2,0,1.6,0.3636,79.5,"$32,750.00 ",71,,,,,15,5, 4/7,4,0.57,119,0
,4/4/2023,Parx Racing ,165,Buffalo Shuffle,Mychel Sanchez,2/28/2023,123,1,0,3.5,0.1579,72.25,"$29,150.00 ",86,,,,,35,5,10-Feb,2,0.2,121,0
,4/4/2023,Parx Racing ,165,Tomater Gator,Dexter Haddock,3/20/2023,126,3,0,9.7,0.1429,72.5,"$45,834.00 ",78,,,,,15,8, 1/7,1,0.14,121,0
,4/4/2023,Parx Racing ,165,Mach Trial,Silvestre Gonzalez,3/15/2023,123,8,0,11.4,0.087,74.5,"$17,920.00 ",71,,,,,20,10, 5/9,5,0.56,121,0
,4/4/2023,Parx Racing ,165,Tactical Plan,Angel Castillo,3/8/2023,123,9,0,34.9,0,66.75,"$20,884.00 ",68,,,,,27,10, 3/7,3,0.43,121,0
,4/4/2023,Parx Racing ,165,Manolete ,Jorge Vargas Jr,3/25/2023,123,6,0,16.3,0.1905,73,"$28,090.00 ",62,,,,,10,9,9-Mar,3,0.33,123,0
,4/4/2023,Parx Racing ,165,Traders Luck,Maicol Inirio,3/10/2023,123,5,0,27.5,0.1,63.75,"$40,570.00 ",63,,,,,25,5, 6/7,6,0.86,122,0
,4/4/2023,Sandy Ridge At The Red Mile,166,Maggies Special Guy,Leonrdo Rodriguez,3/16/2023,125,3,0,2.01,0.5,20,"$20,000.00 ",43,,,,,19,2, 1/8,1,0.13,124,1
,4/4/2023,Sandy Ridge At The Red Mile,166,Johnn T,Jorge Torres,4/1/2023,125,2,0,4.54,0,12,"$12,935.00 ",48,,,,,3,2,9-Jun,6,0.67,124,0
,4/4/2023,Sandy Ridge At The Red Mile,166,Eb Little,Cristian Reyes,4/1/2023,125,1,0,4.55,0,13,"$18,451.00 ",52,,,,,3,2,10-Jun,6,0.6,124,0
,4/4/2023,Sandy Ridge At The Red Mile,166,Holleyhawk,Gilbert Ortiz,3/15/2023,124,4,0,0.94,0.5,24.25,"$5,350.00 ",48,,,,,20,2, 1/5,1,0.2,124,0
,4/4/2023,Sandy Ridge At The Red Mile,167,Stolin Home Brew,Shanley Jackson,3/18/2023,128,1,0,1.96,0.1429,51,"$23,912.00 ",20,,,,,17,4,10-Oct,10,1,127,1
,4/4/2023,Sandy Ridge At The Red Mile,167,Blackie Chan,Gilbert Ortiz,4/1/2023,126,3,0,4.99,0,16.25,"$7,100.00 ",65,,,,,3,3,8-Feb,2,0.25,126,0
,4/4/2023,Sandy Ridge At The Red Mile,167,Pevs Queen of Hearts,Jorge Torres,3/23/2023,126,4,0,1.21,0.5,32.75,"$16,439.00 ",78,,,,,12,3, 1/9,1,0.11,124,0
,4/4/2023,Sandy Ridge At The Red Mile,167,Freedom Speaks,Cesar Esqueda,11/11/2022,126,2,0,4.31,0.1429,58,"$2,631.00 ",69,,,,,144,3, 5/8,5,0.63,128,0
,4/4/2023,Sandy Ridge At The Red Mile,167,J V Two,Jose Ruiz,4/1/2023,128,5,0,37.25,0,13.5,"$3,410.00 ",50,,,,,3,4, 5/9,5,0.56,126,0
,4/4/2023,Sandy Ridge At The Red Mile,167,Famous Ghost Cash,Isidro Banuelos,4/2/2023,126,6,0,26.32,0,22,"$1,700.00 ",10,,,,,2,3,10-Sep,9,0.9,124,0
,4/4/2023,Sandy Ridge At The Red Mile,168,FK Hoka Hey,Leandro Briceno,4/2/2023,126,1,0,0.27,0.1667,46.25,"$13,396.00 ",44,,,,,2,3, 5/6,5,0.83,127,1
,4/4/2023,Sandy Ridge At The Red Mile,168,Perry Special Chick,Germarius O'Neal,4/2/2023,128,2,0,9.34,0,41.5,"$5,043.00 ",32,,,,,2,4,6-Jun,6,1,128,0
,4/4/2023,Sandy Ridge At The Red Mile,168,Fm Rene,Cesar Esqueda,10/23/2022,128,3,0,7.84,0.4,32,"$1,500.00 ",14,,,,,163,5,8-Aug,8,1,126,0
,4/4/2023,Sandy Ridge At The Red Mile,168,Angel Prize,Gilbert Ortiz,3/18/2023,128,4,0,3.76,0,53.75,"$9,866.00 ",54,,,,,17,5,6-Jun,6,1,128,0
,4/4/2023,Tampa Bay Downs,169,Ready to Film,Marcos Meneses,2/26/2023,120,2,0,1.3,0.1667,71.25,"$13,780.00 ",66,,,,,37,4, 3/8,3,0.38,120,1
,4/4/2023,Tampa Bay Downs,169,Csilla,Laureano Sosa,3/18/2023,115,1,0,2,0.1111,67.75,"$19,215.00 ",76,,,,,17,6, 1/8,1,0.13,116,0
,4/4/2023,Tampa Bay Downs,169,Beautiful Tiz,Samy Camacho,3/25/2023,1120,6,0,2.3,0.0952,58,"$11,780.00 ",28,,,,,10,5,8-Aug,8,1,116,0
,4/4/2023,Tampa Bay Downs,169,Rapidamente,Jeremy Alicea,3/17/2023,113,5,0,16.9,0.1429,59.75,"$12,660.00 ",56,,,,,18,5, 4/7,4,0.57,113,0
,4/4/2023,Tampa Bay Downs,169,Drill's Valentine,Huber Villa-Gomez,3/19/2023,120,4,0,16.2,0.2,54.75,"$12,660.00 ",43,,,,,16,6,8-Aug,8,1,118,0
,4/4/2023,Tampa Bay Downs,169,Calendula,Darwin Rodriguez,3/19/2023,110,3,0,29,0.0833,52,"$13,572.00 ",56,,,,,16,8,6-Apr,4,0.67,115,0
,4/4/2023,Tampa Bay Downs,170,Harrow,Angel Asaurez,3/8/2023,123,5,0,1,0.4167,97.5,"$32,830.00 ",101,,,,,27,5, 1/6,1,0.17,119,1
,4/4/2023,Tampa Bay Downs,170,Smart as Me,Antonio Gallardo,3/18/2023,123,6,0,1.9,0.4286,82.5,"$85,693.00 ",89,,,,,17,4,10-Jan,1,0.1,119,0
,4/4/2023,Tampa Bay Downs,170,Ready to Fly,Samuel Marin,9/24/2022,119,2,0,17.3,0.25,82.75,"$17,930.00 ",87,,,,,192,5, 4/9,4,0.44,122,0
,4/4/2023,Tampa Bay Downs,170,Barnegat Light,Angel Ridriguez,10/12/2022,119,4,0,6.4,0,90.5,"$21,490.00 ",88,,,,,174,5,6-Feb,2,0.33,122,0
,4/4/2023,Tampa Bay Downs,170,Whiskey Plank,Madeline Rowland,3/10/2023,119,3,0,9.6,0.125,84,"$11,845.00 ",93,,,,,25,5,10-Feb,2,0.2,119,0
,4/4/2023,Tampa Bay Downs,170,Cajun Casanova,Keiber Coa,3/17/2023,120,1,0,11.5,0.1818,81,"$50,770.00 ",84,,,,,18,6, 3/7,3,0.43,120,0
,4/4/2023,Tampa Bay Downs,171,Chicks Dig Scars,Samy Camacho,3/17/2023,122,4,0,1.4,0.2308,94.5,"$86,720.00 ",91,,,,,18,5, 1/7,1,0.14,118,1
,4/4/2023,Tampa Bay Downs,171,Sogno Di Campione (CHI),Marcos Meneses,3/17/2023,118,3,0,1.9,0.5,44.75,"$41,514.00 ",87,,,,,18,5, 2/7,2,0.29,118,0
,4/4/2023,Tampa Bay Downs,171,Machismo,Daniel Centeno,3/17/2023,118,2,0,4.9,0.2857,94.75,"$14,010.00 ",99,,,,,18,8,6-Mar,3,0.5,118,0
,4/4/2023,Tampa Bay Downs,171,Happy Cajun,Jose Ferrer,3/26/2023,120,5,0,7.5,0.4,84.25,"$29,445.00 ",61,,,,,9,4,9-Sep,9,1,118,0
,4/4/2023,Tampa Bay Downs,171,Bumperdoo,Hector Diaz Jr,3/17/2023,118,6,0,8.1,0.2353,92,"$19,941.00 ",78,,,,,18,7, 5/7,5,0.71,120,0
,4/4/2023,Tampa Bay Downs,171,Joyful Heart,Vernon Bush,1/14/2023,121,1,0,12.9,0.3529,84.25,"$1,032.00 ",79,,,,,80,7,9-Jun,6,0.67,120,0
,4/4/2023,Tampa Bay Downs,172,Trappezoid,Ricardo Feliciano,3/19/2023,119,3,0,5.4,0.1429,80.5,"$14,745.00 ",77,,,,,16,8,9-Jun,6,0.67,119,1
,4/4/2023,Tampa Bay Downs,172,Aries Reigns,Laureano Sosa,3/18/2023,116,7,0,18.8,0.1667,65.5,"$26,625.00 ",78,,,,,17,4,10-Jan,1,0.1,124,0
,4/4/2023,Tampa Bay Downs,172,Cuz,Samy Camacho,3/8/2023,119,6,0,3.6,0.2,72.75,"$14,045.00 ",74,,,,,27,5, 2/5,2,0.4,119,0
,4/4/2023,Tampa Bay Downs,172,Savage,Hector Diaz Jr,3/25/2023,119,4,0,4.5,0.1818,82.5,"$24,460.00 ",74,,,,,10,6, 3/7,3,0.43,120,0
,4/4/2023,Tampa Bay Downs,172,It's Fate ,Mario  Fuentes,3/18/2023,119,2,0,14.3,0.1429,78,"$16,950.00 ",80,,,,,17,8, 1/7,1,0.14,119,0
,4/4/2023,Tampa Bay Downs,172,Indian Buzz ,Jose Batista,2/19/2023,119,1,0,3.9,0.2143,82.75,"$24,290.00 ",77,,,,,44,6, 8/9,8,0.89,121,0
,4/4/2023,Tampa Bay Downs,172,Ghost Stalker ,Daniel Centeno,3/19/2023,119,5,0,1.9,0.1579,83.5,"$8,484.00 ",78,,,,,16,5, 5/9,5,0.56,119,0
,4/4/2023,Tampa Bay Downs,173,Lizqueenfluerdelis,Marcos Meneses,3/22/2023,121,7,0,5.4,0.1,64.25,"$21,623.00 ",66,,,,,13,5, 5/8,5,0.63,121,1
,4/4/2023,Tampa Bay Downs,173,Wasser,Samuel Marin,3/22/2023,119,6,0,2.5,0.0476,67.25,"$13,405.00 ",71,,,,,13,4,8-Feb,2,0.25,119,0
,4/4/2023,Tampa Bay Downs,173,She's Just Quality,Laureano Sosa,2/22/2023,112,5,0,3,0.2,70.75,"$14,817.00 ",65,,,,,41,6,7-Jul,7,1,121,0
,4/4/2023,Tampa Bay Downs,173,Investment Income,Jesus Castanon,2/22/2023,119,4,0,1.5,0.1,72.25,"$6,548.00 ",70,,,,,41,5, 5/7,5,0.71,119,0
,4/4/2023,Tampa Bay Downs,173,Mama Longlegs,Vernon Bush,3/15/2023,121,1,0,35.8,0.0714,54.25,"$2,640.00 ",33,,,,,20,7, 4/7,4,0.57,121,0
,4/4/2023,Tampa Bay Downs,173,Challenge Princess,Jose Batista,2/19/2023,119,3,0,12.1,0,48.75,$832.00 ,58,,,,,44,4, 5/8,5,0.63,122,0
,4/4/2023,Tampa Bay Downs,173,Dura the Explorer,Richard Mitchell,3/5/2023,119,2,0,42.2,0.0909,40.75,"$1,574.00 ",29,,,,,30,4,12-Dec,12,1,111,0
,4/4/2023,Turf Paradise,174,Cashanova,Heribert Martinez,3/29/2023,126,4,0,0.3,0.0588,94.5,"$41,671.00 ",97,,,,,6,7, 1/6,1,0.17,126,1
,4/4/2023,Turf Paradise,174,Willy the Cobbler,Karlo Lopez,3/13/2023,124,3,0,3.7,0.25,91.25,"$33,947.00 ",95,,,,,22,5, 1/6,1,0.17,122,0
,4/4/2023,Turf Paradise,174,Blue Skye Jade,Daylor Berios-Lopez,3/21/2023,117,2,0,12.3,0.1333,79.75,"$34,686.00 ",90,,,,,14,7,6-Feb,2,0.33,119,0
,4/4/2023,Turf Paradise,174,Joker Matt,Alexander Marti,3/20/2023,122,1,0,10.5,0.0455,83.75,"$21,542.00 ",84,,,,,15,4, 8/9,8,0.89,122,0
,4/4/2023,Turf Paradise,174,Of Good Report,Harry Hernandez,3/18/2023,122,6,0,6.4,0.0526,90.5,"$22,163.00 ",82,,,,,17,7,6-Apr,4,0.67,122,0
,4/4/2023,Turf Paradise,174,Lifesbeengoodsofar,Glenn Corbett ,3/21/2023,122,7,0,49.2,0.0769,74.75,"$16,807.00 ",87,,,,,14,7,6-Mar,3,0.5,124,0
,4/4/2023,Turf Paradise,174,Pharaoh's Prophecy,Luis Valenzula,2/13/2023,122,5,0,54.5,0.1053,61.25,"$11,059.00 ",43,,,,,50,4,5-May,5,1,124,0
,4/4/2023,Turf Paradise,175,Crazy about You,Jose Zunino,8/25/2022,124,5,0,2.1,0,49.5,"$19,341.00 ",17,,,,,222,5, 7/9,7,0.78,125,1
,4/4/2023,Turf Paradise,175,Margot's Girl,Alexis Valdes,3/26/2023,124,6,0,1,0.0909,69,"$26,170.00 ",65,,,,,9,4, 5/7,4,0.71,124,0
,4/4/2023,Turf Paradise,175,Maclean's Bella,Harry Hernandez,3/18/2023,124,3,0,6.1,0.1111,43.5,"$19,838.00 ",46,,,,,17,4, 5/6,5,0.83,122,0
,4/4/2023,Turf Paradise,175,Lip's of Wine,Enrique Garcia,2/27/2023,124,7,0,18.8,0.0625,49.25,"$3,425.00 ",66,,,,,36,4, 5/8,5,0.63,124,0
,4/4/2023,Turf Paradise,175,Rattleme,Alexander Marti,3/20/2023,124,1,0,10.2,0.1,59.75,"$12,631.00 ",49,,,,,15,4, 3/5,3,0.6,124,0
,4/4/2023,Turf Paradise,175,She's a Bossy Girl,Luis Valenzuela,3/20/2023,124,4,0,6.3,0.1,64.75,"$9,773.00 ",50,,,,,15,4, 2/5,2,0.4,124,0
,4/4/2023,Turf Paradise,175,Mischievous Emma ,Micheal Ybarra,1/17/2023,128,2,0,25.4,0.3333,30.5,"$12,507.00 ",51,,,,,77,4, 1/6,1,0.17,126,0
,4/4/2023,Turf Paradise,176,Tempted Mission,Fausto Da Silva,3/13/2023,122,1,0,0.9,0.1429,81,"$41,377.00 ",82,,,,,22,5, 2/7,2,0.29,122,1
,4/4/2023,Turf Paradise,176,Guest Check,Ajhari Williams,3/13/2023,122,3,0,5.7,0.0769,78,"$19,971.00 ",83,,,,,22,5, 3/7,3,0.43,122,0
,4/4/2023,Turf Paradise,176,Toil and Trouble,Karlo Lopez,3/21/2023,122,2,0,8.4,0,80.5,"$19,763.00 ",82,,,,,14,5, 5/6,5,0.83,122,0
,4/4/2023,Turf Paradise,176,Bodemonster,Allyssa Morales,3/20/2023,122,6,0,4.2,0.0833,77.75,"$14,522.00 ",91,,,,,15,5,9-Jun,6,0.67,124,0
,4/4/2023,Turf Paradise,176,Yankee Humor,Harry Hernandez,3/14/2023,117,7,0,4.1,0.5,30,"$13,238.00 ",45,,,,,21,3,6-Jun,6,1,121,0
,4/4/2023,Turf Paradise,176,Renew ,Jose Zunino,3/27/2023,122,5,0,41.3,0.1429,68.25,"$15,251.00 ",66,,,,,8,4,9-Sep,9,1,124,0
,4/4/2023,Turf Paradise,176,Wrong Spot,Glenn Corbett ,2/16/2023,116,4,0,10.4,1,17.5,"$18,922.00 ",70,,,,,47,3, 1/7,1,0.14,121,0
,4/4/2023,Turf Paradise,177,Square Footage,Luis Valenzuela,3/14/2023,124,1,0,5.3,0.2222,45.75,"$21,116.00 ",66,,,,,21,4,6-Jun,6,1,122,1
,4/4/2023,Turf Paradise,177,Flyin By,Ajhari Williams,2/25/2023,124,2,0,4.4,0.1818,62.5,"$22,973.00 ",70,,,,,38,4, 1/6,1,0.17,122,0
,4/4/2023,Turf Paradise,177,Bengal Tiger,Ezequiel Lara,3/1/2023,124,7,0,0.9,0.3333,69.5,"$3,953.00 ",74,,,,,34,5,6-Apr,4,0.67,124,0
,4/4/2023,Turf Paradise,177,Thatsalotofbling,Alexis Valdes,3/13/2023,124,3,0,19.6,0.0625,59,"$30,228.00 ",46,,,,,22,5,8-Aug,8,1,124,0
,4/4/2023,Turf Paradise,177,Twitterati,Alyssa Morales,3/13/2023,124,5,0,6.5,0.0909,63.75,"$4,512.00 ",69,,,,,22,7,8-Apr,4,0.5,124,0
,4/4/2023,Turf Paradise,177,Palace Star,Micheal Ybarra,3/21/2023,128,6,0,12.3,0.0556,63.5,"$3,414.00 ",57,,,,,14,5, 5/6,5,0.83,127,0
,4/4/2023,Turf Paradise,177,Ima Trouble Maker,Enrique Garcia,3/4/2023,124,4,0,6,0.2222,56,"$13,453.00 ",55,,,,,31,4, 5/7,5,0.71,126,0
,4/4/2023,Will Rogers Down,178,Brother Aaron,Obed Sanchez,3/20/2023,124,1,0,2,0.2308,85.25,"$37,994.00 ",87,,,,,15,7, 1/7,1,0.14,124,1
,4/4/2023,Will Rogers Down,178,Rowdy River,Alberto Pusac,3/20/2023,118,3,0,0.7,0.75,74,"$50,233.00 ",79,,,,,15,3, 1/8,1,0.13,118,0
,4/4/2023,Will Rogers Down,178,Euro Suprise,Richard Eramie,3/7/2023,124,4,0,2.8,0.4,76,"$3,610.00 ",63,,,,,28,6,9-Sep,9,1,124,0
,4/4/2023,Will Rogers Down,178,Onomatopoeia,Gerado Mora,3/7/2023,124,5,0,51.8,0,72.25,"$2,595.00 ",72,,,,,28,7,10-Apr,4,0.4,123,0
,4/4/2023,Will Rogers Down,178,Okie Union,Alfredo Triana Jr,9/30/2022,124,2,0,33.7,0.25,49,"$1,410.00 ",0,,,,,186,5,8-Aug,8,1,124,0
,4/4/2023,Will Rogers Down,179,Major Griffin,Alfredo Triana Jr,3/27/2023,124,6,0,6.2,0.0714,59.5,"$15,428.00 ",66,,,,,8,4, 3/5,3,0.6,124,1
,4/4/2023,Will Rogers Down,179,Elusive Freud,Obed Sanchez,3/21/2023,124,1,0,4.5,0.0526,59.5,"$10,498.00 ",64,,,,,14,4,8-Apr,4,0.5,124,0
,4/4/2023,Will Rogers Down,179,Freer,Kylee Jordan,3/21/2023,124,4,0,0.7,0.0667,52.75,"$5,349.00 ",66,,,,,14,5,8-Feb,2,0.25,124,0
,4/4/2023,Will Rogers Down,179,Grayghostgranville,Gustavo Herrera,9/3/2022,124,5,0,10,0.1429,54.25,"$15,052.00 ",55,,,,,213,4,13-Jun,6,0.46,119,0
,4/4/2023,Will Rogers Down,179,Hellephent,Alberto Pusac,3/7/2023,124,3,0,3.6,0.1111,58.5,"$1,294.00 ",54,,,,,28,4, 4/9,4,0.44,124,0
,4/4/2023,Will Rogers Down,179,Hes Big Chief ,Lindsey Herbert,3/14/2023,119,2,0,55.7,0.1429,39.75,$900.00 ,42,,,,,21,6, 4/5,4,0.8,119,0
,4/4/2023,Will Rogers Down,180,Crazy Lover,Alberto Pusac,3/21/2023,124,3,0,5.5,0.0625,61.5,"$34,993.00 ",56,,,,,14,5,9-Jun,6,0.67,124,1
,4/4/2023,Will Rogers Down,180,El Blaze,Obed Sanchez,3/7/2023,124,4,0,3.6,0.0909,61.75,"$9,144.00 ",64,,,,,28,4,11-Jun,6,0.55,124,0
,4/4/2023,Will Rogers Down,180,Mingus,Alfredo Triana Jr,3/21/2023,121,1,0,10.3,0.2,50.75,"$25,739.00 ",56,,,,,14,3, 5/9,5,0.56,120,0
,4/4/2023,Will Rogers Down,180,Just Okie,Gerado Mora,3/21/2023,121,5,0,2.1,0.1429,64.5,"$16,376.00 ",69,,,,,14,3,9-Mar,3,0.33,120,0
,4/4/2023,Will Rogers Down,180,Gospel Truth,Chad Lindsay,3/21/2023,124,2,0,8,0.125,44.25,"$14,022.00 ",62,,,,,14,4, 4/9,4,0.44,124,0
,4/4/2023,Will Rogers Down,180,Papa Bill,Richard Eramie,3/21/2023,121,6,0,2,0.1667,52.75,"$17,870.00 ",69,,,,,14,3, 1/7,1,0.14,121,0
,4/4/2023,Will Rogers Down,181,Paluxy,Kevin Roman,12/17/2022,126,1,0,0.45,0.3846,91.25,"$89,700.00 ",94,,,,,108,5, 5/8,5,0.63,121,1
,4/4/2023,Will Rogers Down,181,Cowboy Mischief,Gerado Mora,3/5/2023,117,2,0,14.3,0,67.5,"$61,325.00 ",75,,,,,30,7,8-Aug,8,1,119,0
,4/4/2023,Will Rogers Down,181,Royally,Alfredo Triana Jr,3/13/2023,121,5,0,8.2,0.1818,78,"$13,987.00 ",83,,,,,22,6, 2/5,2,0.4,120,0
,4/4/2023,Will Rogers Down,181,Newport Beach,Richard Eramie,3/17/2023,122,3,0,3.1,0.1,90.75,"$9,040.00 ",89,,,,,18,8, 2/5,2,0.4,119,0
,4/4/2023,Will Rogers Down,181,Rowdy Rascal,Alex Birzer,3/13/2023,120,4,0,6.9,0.2222,71.25,"$7,328.00 ",77,,,,,22,4,5-May,5,1,124,0
,4/4/2023,Will Rogers Down,182,Just Chillin,Alfredo Triana Jr,3/13/2023,121,1,0,2.4,0,55,"$22,838.00 ",54,,,,,22,5, 5/6,5,0.83,121,1
,4/4/2023,Will Rogers Down,182,Doctor Tink,Richard Eramie,3/13/2023,121,2,0,1.1,0.2727,72.75,"$26,171.00 ",65,,,,,22,5,6-Feb,2,0.33,124,0
,4/4/2023,Will Rogers Down,182,Box Seat,Alex Birzer,11/8/2022,121,4,0,2.3,0.2857,63,"$6,376.00 ",37,,,,,147,7,6-Jun,6,1,122,0
,4/4/2023,Will Rogers Down,182,Spanish Hombre,Chad Lindsay,3/10/2023,121,5,0,6.7,0,75.25,"$15,711.00 ",76,,,,,25,10, 5/7,5,0.71,121,0
,4/4/2023,Will Rogers Down,182,Candy's Little Tip,Lindsey Herbert,11/18/2022,116,3,0,29.4,0.125,51,"$15,940.00 ",63,,,,,137,7,12-Aug,8,0.67,121,0
,4/4/2023,Will Rogers Down,183,Sure Shot Shelly,Alfredo Triana Jr,3/20/2023,124,6,0,2.2,0,65.25,"$41,061.00 ",63,,,,,15,5, 4/9,4,0.44,124,1
,4/4/2023,Will Rogers Down,183,Hot Tamalli,Chad Lindsay,11/30/2022,118,1,0,6.6,0.1429,58,"$6,044.00 ",45,,,,,125,3, 7/9,7,0.78,120,0
,4/4/2023,Will Rogers Down,183,Princess Ball,Gustavo Herrera,3/20/2023,124,8,0,13,0.5,29,"$20,047.00 ",65,,,,,15,4, 1/7,1,0.14,124,0
,4/4/2023,Will Rogers Down,183,La Paradiso,Kylee Jordan,3/6/2023,118,2,0,19,0.3333,34.25,"$17,453.00 ",55,,,,,29,3, 1/5,1,0.2,118,0
,4/4/2023,Will Rogers Down,183,Billie Baby,Kevin Roman,3/13/2023,118,4,0,40.2,1,13,"$10,336.00 ",52,,,,,22,3, 1/6,1,0.17,118,0
,4/4/2023,Will Rogers Down,183,Always Be Dancin,Alex Birzer,3/20/2023,119,10,0,24.8,0.1667,48.75,$160.00 ,54,,,,,15,3,9-Sep,9,1,118,0
,4/4/2023,Will Rogers Down,183,Just Rosie,Alberto Pusac,3/20/2023,124,9,0,33.1,0.2,43.25,"$20,972.00 ",49,,,,,15,5,7-Jul,7,1,124,0
,4/4/2023,Will Rogers Down,183,Total Insanity,Lindsey Herbert,12/16/2022,124,11,0,56.1,0.25,42.5,$80.00 ,32,,,,,109,4, 5/9,5,0.56,120,0
,4/4/2023,Will Rogers Down,183,Candy's a Dandy,Richard Eramie,3/20/2023,124,5,0,3,0.1429,62.25,"$12,860.00 ",64,,,,,15,4,9-Mar,3,0.33,124,0
,4/4/2023,Will Rogers Down,183,Stormy Bisonette,Benny Landeros,3/20/2023,125,3,0,4,0,52.75,"$39,202.00 ",67,,,,,15,5, 2/9,2,0.22,124,0
,4/4/2023,Will Rogers Down,183,Gospel Molly,Obed Snachez,3/20/2023,124,7,0,9,0.1,51.5,"$14,972.00 ",61,,,,,15,4,9-Jun,6,0.67,124,0
,4/4/2023,Aqueduct,184,Cheeky Tico,Manuel Franco,3/18/2023,125,4,0,2.3,0.1,71.75,"$59,480.00 ",78,15%,142,,,17,4,6-Mar,3,0.5,120,1
,4/4/2023,Aqueduct,184,Midnight Chrome,Abener Adorno ,3/28/2023,125,2,0,4.3,0,66,"$50,000.00 ",64,,,,,7,4,9-Sep,9,1,121,0
,4/4/2023,Aqueduct,184,Ghostlyprince,Jaime Torres,3/18/2023,120,3,0,14.3,0,70.75,"$67,780.00 ",69,,,,,17,5, 5/6,5,0.83,113,0
,4/4/2023,Aqueduct,184,Papi On Ice,Omar Hernandez Moreno,3/25/2023,120,5,0,14.9,0.0556,60.5,"$40,500.00 ",71,,,,,10,4, 2/7,2,0.29,120,0
,4/4/2023,Aqueduct,184,Sorpreso,Trevor McCarthy,3/18/2023,120,1,0,3,0.1667,53.25,"$29,652.00 ",74,12%,42,,,17,3, 1/9,1,0.11,118,0
,4/4/2023,Aqueduct,184,Bert bert Bert,Kendrick Carmouche,1/26/2023,127,6,0,2.05,0.1429,74.5,"$29,665.00 ",70,,,,,68,4,4-Apr,4,1,116,0
,4/4/2023,Aqueduct,185,Balpool,Manuel Franco,3/10/2023,122,3,0,2.85,0.3333,55.25,"$174,800.00 ",72,15%,142,,,25,3,8-Apr,4,0.5,124,1
,4/4/2023,Aqueduct,185,Fancy Azteca,Jose Lezcano ,3/18/2023,118,4,0,2.3,0.5,60.5,"$112,030.00 ",59,,,,,17,3,6-Apr,4,0.67,118,0
,4/4/2023,Aqueduct,185,Crimson,Josew Ortiz,3/3/2023,122,1,0,3.15,1,16.25,"$41,040.00 ",65,,,,,32,3, 1/7,1,0.14,124,0
,4/4/2023,Aqueduct,185,La Vita Sofia,Trevor McCarthy,3/4/2023,122,2,0,4.4,0.1667,67.75,"$40,745.00 ",65,12%,42,,,31,3, 5/6,5,0.83,118,0
,4/4/2023,Aqueduct,185,Aniston,Dylan Davis,1/14/2023,122,5,0,3.85,0.3333,29.75,"$7,280.00 ",0,,,,,80,3,5-May,5,1,120,0
,4/4/2023,Aqueduct,186,April Antics,Romero Maragh,3/19/2023,120,2,0,0.85,0,59.5,"$130,770.00 ",48,,,,,16,5, 2/9,2,0.22,125,1
,4/4/2023,Aqueduct,186,Bravo Regina,Trevor McCarthy,3/19/2023,120,1,0,2.3,0,55.25,"$17,530.00 ",38,12%,42,,,16,5, 5/9,5,0.56,125,0
,4/4/2023,Aqueduct,186,Ricelle ,Madison Olver,3/26/2023,113,5,0,3.9,0.0833,56.5,"$24,803.00 ",51,,,,,9,5, 5/7,5,0.71,122,0
,4/4/2023,Aqueduct,186,Sweet Sensation,Heman Harkie,3/19/2023,120,4,0,8.3,0.0667,39.25,"$20,370.00 ",38,,,,,16,4, 4/9,4,0.44,125,0
,4/4/2023,Aqueduct,186,Crystal Orb,Omar Hernandez Moreno,3/19/2023,113,3,0,20.1,0,32.75,"$9,036.00 ",21,,,,,16,5, 7/9,7,0.78,118,0
,4/4/2023,Aqueduct,187,Listentoyourheart,Katie Davis,2/17/2023,118,2,0,5.6,0.2,86.75,"$106,870.00 ",89,,,,,46,6, 3/7,3,0.43,118,1
,4/4/2023,Aqueduct,187,Awesome Native,Manuel Franco,2/19/2023,122,5,0,0.6,0.6667,73.25,"$104,973.00 ",96,15%,142,,,44,4, 5/7,5,0.71,118,0
,4/4/2023,Aqueduct,187,Prince of Pharoahs ,Kendrick Carmouche,2/25/2023,119,4,0,4.3,0.1667,79.5,"$120,163.00 ",91,,,,,38,6, 2/7,2,0.29,120,0
,4/4/2023,Aqueduct,187,First Deputy,Ghenson (Jason) Huayas,3/12/2023,113,6,0,23.5,0.2,84.25,"$67,020.00 ",89,,,,,23,6,6-Feb,2,0.33,111,0
,4/4/2023,Aqueduct,187,Breaking Stones,Andre Worrie,2/25/2023,120,1,0,18.2,0.1579,75.5,"$65,545.00 ",97,,,,,38,5, 1/7,1,0.14,120,0
,4/4/2023,Aqueduct,187,Durkin's Call,Dylan Davis,3/25/2023,118,7,0,14.8,0.0833,87.75,"$28,088.00 ",82,,,,,10,7, 7/9,7,0.78,118,0
,4/4/2023,Aqueduct,187,Writer's Regret,Eric Cancel,3/12/2023,120,3,0,10.4,0.1667,86,"$84,025.00 ",74,,,,,23,5,6-Apr,4,0.67,120,0
,4/4/2023,Aqueduct,188,Easter (FR),Trevor McCarthy,6/30/2022,127,4,0,2.45,0,69.75,"$142,100.00 ",99,12%,42,,,278,5, 2/9,2,0.22,124,1
,4/4/2023,Aqueduct,188,Shutters,Manuel Franco,9/15/2022,127,5,0,1.7,1,86,"$40,040.00 ",91,15%,142,,,201,5, 1/8,1,0.13,124,0
,4/4/2023,Aqueduct,188,Emboite (IRE),Jose Lezcano,10/22/2022,125,3,0,4.5,0.1429,89,"$11,265.00 ",96,,,,,164,4, 5/8,5,0.63,118,0
,4/4/2023,Aqueduct,188,So High (GB),Luis Rodriguez Castro,3/5/2023,127,2,0,12.2,0,91.75,"$32,220.00 ",79,,,,,30,7,12-May,5,0.42,120,0
,4/4/2023,Aqueduct,188,Constitutionlawyer,Dylan Davis,11/19/2022,127,6,0,3.95,0.1111,87.25,"$56,430.00 ",92,,,,,136,4,10-Mar,3,0.3,120,0
,4/4/2023,Aqueduct,188,Standup,Jaime Torres,3/25/2023,120,7,0,38.5,0.0588,70.5,"$11,520.00 ",74,,,,,10,7, 5/9,5,0.56,123,0
,4/4/2023,Aqueduct,188,Giant's Fire,Jose Gomez,3/11/2023,125,1,0,16.4,0.25,67.25,"$2,415.00 ",48,,,,,24,4,9-Sep,9,1,113,0
,4/4/2023,Aqueduct,189,Mommasgottarun,Eric Cancel,4/2/2023,117,6,0,7,0.3571,90.75,"$200,600.00 ",94,,,,,2,4,5-May,5,1,118,1
,4/4/2023,Aqueduct,189,Funny How,Katie Davis,2/12/2023,118,5,0,2.75,0.7143,88.25,"$132,725.00 ",101,,,,,51,4, 1/6,1,0.17,118,0
,4/4/2023,Aqueduct,189,Hydra,Jose Gomez,2/10/2023,115,4,0,64.25,0.4545,81.75,"$104,660.00 ",77,,,,,53,7, 5/7,5,0.71,123,0
,4/4/2023,Aqueduct,189,Rossa Veloce,Jose Ortiz,3/11/2023,119,7,0,1.35,0.4615,99.75,"$133,075.00 ",106,,,,,24,5, 1/7,1,0.14,120,0
,4/4/2023,Aqueduct,189,Gerrymander,Manuel Franco,9/24/2022,122,1,0,2.45,0.25,87.25,"$92,500.00 ",76,15%,142,,,192,4, 8/9,8,0.89,124,0
,4/4/2023,Aqueduct,189,Meraviglioso,Jaime Torres,3/25/2023,115,3,0,68.25,0.1538,72,"$51,860.00 ",66,,,,,10,4,6-Mar,3,0.5,119,0
,4/4/2023,Aqueduct,189,Easy to Bless,Jacqueline Davis,3/11/2023,116,2,0,16.2,0.3333,83.5,"$68,365.00 ",86,,,,,24,5, 4/7,4,0.57,118,0
,4/4/2023,Evangeline Downs,190,Gee Gee ,C.j. McMahon,1/28/2023,120,2,0,1.9,0.0833,60,"$6,840.00 ",52,,,,,66,5, 5/9,5,0.56,117,1
,4/4/2023,Evangeline Downs,190,Peaceful Vision,Thomas Pompell,3/23/2023,117,3,0,3.4,0.0714,51.5,"$13,135.00 ",46,,,,,12,6,10-Jul,7,0.7,121,0
,4/4/2023,Evangeline Downs,190,Be a Bandit,Vicente Del-Cid,3/16/2023,117,4,0,33,0.05,47.75,"$7,920.00 ",34,,,,,19,6,7-Jul,7,1,116,0
,4/4/2023,Evangeline Downs,190,Finnleys Encore,Joe Stokes,2/17/2023,117,1,0,3.2,0.125,60.75,"$6,550.00 ",64,,,,,46,5,9-Mar,3,0.33,117,0
,4/4/2023,Evangeline Downs,190,Kind Ways,Elio Barrera,2/15/2023,115,8,0,7.5,0.0625,49,"$8,280.00 ",53,,,,,48,5, 4/7,4,0.57,112,0
,4/4/2023,Evangeline Downs,190,Rose Crown,Joel Dominguez,3/23/2023,117,7,0,10,0,53.25,"$7,550.00 ",51,,,,,12,6,10-May,5,0.5,121,0
,4/4/2023,Evangeline Downs,190,Kick N Kiss,Gerad Melancon,3/2/2023,117,6,0,42.1,0.0769,42.5,$510.00 ,23,,,,,33,7, 8/9,8,0.89,116,0
,4/4/2023,Evangeline Downs,190,Tensas Virginia,Timothy Thornton,2/9/2023,117,5,0,5.8,0.2,52,"$9,300.00 ",68,,,,,54,4, 1/8,1,0.13,117,0
,4/4/2023,Evangeline Downs,191,Magna Colors,Juan Vargas,2/24/2023,123,4,0,18.3,0.25,43,"$27,710.00 ",47,,,,,39,6,10-Jan,1,0.1,123,1
,4/4/2023,Evangeline Downs,191,Absolutely,Joe Stokes,2/23/2023,123,5,0,1.2,0.1,58.75,"$28,350.00 ",51,,,,,40,4,8-Jun,6,0.75,117,0
,4/4/2023,Evangeline Downs,191,Zero Point Zero,Louis Stokes,2/17/2023,123,2,0,13,0,57.25,"$12,410.00 ",44,,,,,46,5,10-May,5,0.5,123,0
,4/4/2023,Evangeline Downs,191,Saratoga Pasodoble,C.J McMahon,2/14/2023,123,1,0,7.8,0.125,49.5,"$5,580.00 ",46,,,,,49,4,7-Jul,7,1,120,0
,4/4/2023,Evangeline Downs,191,Non Binding,Joel Dominguez,3/8/2023,120,6,0,7.1,0,52,"$14,035.00 ",49,,,,,27,5, 8/9,8,0.89,122,0
,4/4/2023,Evangeline Downs,191,Arms Apriority,Vicente Del-Cid,2/18/2023,120,7,0,3.3,0.1429,50.5,"$6,655.00 ",43,,,,,45,4, 8/9,8,0.89,117,0
,4/4/2023,Evangeline Downs,191,Beautifulguatemala,Elio Barrera,3/18/2023,110,3,0,5.5,0.2,47.5,"$24,760.00 ",53,,,,,17,3,12-Jan,1,0.08,112,0
,4/4/2023,Evangeline Downs,191,Tiz My Plan,Jared Balthazar,9/3/2022,123,8,0,101.5,0,30,$0.00 ,7,,,,,213,4, 7/9,7,0.78,118,0
,4/4/2023,Evangeline Downs,192,A G's Charlotte,C.J McMahon,3/26/2023,120,2,0,1.4,0.3077,92.25,"$133,750.00 ",94,,,,,9,4,8-Feb,2,0.25,117,1
,4/4/2023,Evangeline Downs,192,Sassy Beast,David Cardoso,2/18/2023,116,1,0,6.3,0.2857,88,"$167,760.00 ",99,,,,,45,5,12-Mar,3,0.25,118,0
,4/4/2023,Evangeline Downs,192,Another Hot Mess,Thomas Pompell,2/24/2023,118,3,0,3.5,0.4286,78.75,"$68,200.00 ",84,,,,,39,4,6-Feb,2,0.33,120,0
,4/4/2023,Evangeline Downs,192,It'sfiftyshadetime,Carloss Lozada,3/17/2023,116,6,0,6.7,0.1111,82.25,"$18,330.00 ",75,,,,,18,5,6-Jun,6,1,116,0
,4/4/2023,Evangeline Downs,192,Majestic Ways,Lane Luzzi,2/24/2023,118,4,0,2.9,0.4,84.25,"$42,440.00 ",85,,,,,39,4, 1/6,1,0.17,117,0
,4/4/2023,Evangeline Downs,192,Hannah's Haven,Jose Guerroro,3/10/2023,116,5,0,17.2,0.1667,76.25,"$22,600.00 ",76.25,,,,,25,4, 5/8,5,0.63,120,0
,4/4/2023,Evangeline Downs,193,Oak Hill Lg,Vicente Del-Cid,3/26/2023,118,5,0,0.65,0.4286,80.75,"$71,600.00 ",94,,,,,9,4, 2/9,2,0.22,120,1
,4/4/2023,Evangeline Downs,193,Bouldering ,Jose Guerroro,2/24/2023,118,7,0,17.7,0.3333,62.25,"$21,980.00 ",63,,,,,39,4, 5/8,5,0.63,121,0
,4/4/2023,Evangeline Downs,193,Aligned Interest,Juan Vargas,2/18/2023,118,6,0,6.7,0.0909,69,"$17,890.00 ",58,,,,,45,5,10-Sep,9,0.9,117,0
,4/4/2023,Evangeline Downs,193,Courtman,Timothy Thornton,3/2/2023,118,1,0,5,0.25,67.25,"$24,300.00 ",75,,,,,33,4, 1/6,1,0.17,122,0
,4/4/2023,Evangeline Downs,193,Flit N Flot Time,Elio Barrera,2/18/2023,118,3,0,40.4,0.25,63.75,"$16,220.00 ",42,,,,,45,4, 5/7,5,0.71,117,0
,4/4/2023,Evangeline Downs,193,Bet Again,Thomas Pompell,2/18/2023,118,2,0,10.4,0.3333,69.5,"$15,200.00 ",72,,,,,45,7,10-Feb,2,0.2,117,0
,4/4/2023,Evangeline Downs,193,Duke of Blue Ridge,Joel Dominguez,3/15/2023,118,4,0,6.8,0.2727,74.25,"$54,345.00 ",77,,,,,20,4, 1/7,1,0.14,116,0
,4/4/2023,Evangeline Downs,194,Taylors Tap,Lane Luzzi,3/18/2023,117,8,0,4.1,0.3333,68.75,"$76,094.00 ",69,,,,,17,3, 2/7,2,0.29,122,1
,4/4/2023,Evangeline Downs,194,Lady Dreamer,Juan Vargas,2/9/2023,117,3,0,17.6,0.2,59.75,"$57,495.00 ",68,,,,,54,3, 1/9,1,0.11,120,0
,4/4/2023,Evangeline Downs,194,Blame Day,C.J McMahon,3/11/2023,117,5,0,1.8,0.2,80.75,"$86,467.00 ",85,,,,,24,3,8-Jun,6,0.75,118,0
,4/4/2023,Evangeline Downs,194,Kyle Beauty,Jose Rodriguez,3/22/2023,119,2,0,1.3,1,60.25,"$106,800.00 ",75,,,,,13,3, 1/9,1,0.11,118,0
,4/4/2023,Evangeline Downs,194,Gracie Diamond,Thomas Pompell,3/24/2023,117,1,0,15.6,0.3333,46.25,"$29,687.00 ",55,,,,,11,3, 3/5,3,0.6,119,0
,4/4/2023,Evangeline Downs,194,Triple L's Cutter,Vicente Del-Cid,2/24/2023,119,6,0,10.2,0.3333,70.75,"$46,298.00 ",68,,,,,39,3,4-Feb,2,0.5,120,0
,4/4/2023,Evangeline Downs,194,Nodah,Gerald Melancon,2/4/2023,117,7,0,37.9,0.3333,43.5,"$31,860.00 ",65,,,,,59,3,8-Apr,4,0.5,119,0
,4/4/2023,Evangeline Downs,194,Throwback,Emanuel Nieves,1/20/2023,117,4,0,42,1,14.75,"$22,200.00 ",59,,,,,74,3, 1/8,1,0.13,120,0
,4/4/2023,Evangeline Downs,195,Dolly's Guitar,Vicente Del-Cid,3/12/2023,118,9,0,1.3,0.125,40,"$31,000.00 ",50,,,,,23,3,10-Mar,3,0.3,118,1
,4/4/2023,Evangeline Downs,195,Catalina Queen,Juan Vargas,2/6/2023,123,7,0,5.9,0.5,22.5,"$10,400.00 ",49,,,,,57,4,10-Mar,3,0.3,117,0
,4/4/2023,Evangeline Downs,195,B B Gun Bullseye,Emanuel Nieves,3/15/2023,123,5,0,17.1,0.0909,45.5,"$26,430.00 ",49,,,,,20,4,8-Feb,2,0.25,122,0
,4/4/2023,Evangeline Downs,195,Ashley's Girl,Elio Barrera,3/15/2023,118,4,0,35.6,0.066666667,45.5,"$29,770.00 ",44,,,,,20,6,8-Apr,4,0.5,117,0
,4/4/2023,Evangeline Downs,195,Hot Patootie,E. Murray,3/23/2023,123,8,0,20.1,0.1,39,"$23,300.00 ",42,,,,,12,4, 1/9,1,0.11,120,0
,4/4/2023,Evangeline Downs,195,Roaring Quinn,Cassey Fusilier,2/17/2023,123,2,0,7.9,0,42,"$9,100.00 ",45,,,,,46,5,10-Apr,4,0.4,120,0
,4/4/2023,Evangeline Downs,195,Decorated Lady,Joel Dominguez,3/12/2023,118,3,0,20.6,0.2,24.75,$420.00 ,5,,,,,23,3,10-Oct,10,1,114,0
,4/4/2023,Evangeline Downs,195,Aggie Doctor,C.J McMahon,3/3/2023,123,6,0,3.5,0.25,45.75,"$12,400.00 ",50,,,,,32,4, 5/7,5,0.71,119,0
,4/4/2023,Evangeline Downs,195,Boston Belle,Joe Stokes,2/28/2023,123,1,0,7.2,0.0769,48.75,"$5,900.00 ",48,,,,,35,4,9-Mar,3,0.33,120,0
,4/4/2023,Fonner Park,196,P R Odds Setter,Jose Medina,3/11/2023,125,2,0,0.9,0.3333,48,"$31,580.00 ",67,,,,,24,5, 1/7, 1/7,0.14,122,1
,4/4/2023,Fonner Park,196,Judge on The Run,Adrian Ramos,3/11/2023,125,1,0,4.15,0.4286,62,"$13,160.00 ",53,,,,,24,8, 4/7,4,0.57,123,0
,4/4/2023,Fonner Park,196,Queenscaballo,Kevin Roman,3/11/2023,125,4,0,3.65,0.4444,55,"$25,839.00 ",61,,,,,24,4, 3/7,3,0.43,125,0
,4/4/2023,Fonner Park,196,Inewagallikethat,Nathan Haar,3/25/2023,125,3,0,7.8,0.4,49.25,"$9,750.00 ",70,,,,,10,7, 1/7,1,0.14,125,0
,4/4/2023,Fonner Park,196,Tellittothejudge,Bryan McNeil,3/11/2023,125,5,0,4.2,0.2222,60.25,"$14,891.00 ",66,,,,,24,4, 2/7,2,0.29,120,0
,4/4/2023,Fonner Park,197,Rainbow Dash,Armando Martinez,3/24/2023,125,7,0,1.4,0.1667,52.5,"$64,163.00 ",65,,,,,11,4,6-Feb,2,0.33,125,1
,4/4/2023,Fonner Park,197,Retro Rita,Roberto Morales,3/24/2023,125,2,0,2.7,0.1667,56,"$7,219.00 ",64,,,,,11,4,6-Mar,3,0.5,125,0
,4/4/2023,Fonner Park,197,Fast Sophia,Ricardo Martinez,3/24/2023,125,4,0,12.9,0,36.5,"$9,947.00 ",44,,,,,11,5,6-Mar,3,0.5,125,0
,4/4/2023,Fonner Park,197,Flirtatious Smile,Jose Medina,3/24/2023,125,5,0,2.55,0.0588,43.5,"$2,820.00 ",53,,,,,11,5,6-Feb,2,0.33,125,0
,4/4/2023,Fonner Park,197,Wumpmug ,Kevin Roman,3/24/2023,125,1,0,7.3,0.0714,49.5,"$5,067.00 ",55,,,,,11,4,6-Apr,4,0.67,125,0
,4/4/2023,Fonner Park,197,Tallandlong ,Bryan McNeil,3/19/2023,125,3,0,25.1,0.1,41.75,"$3,008.00 ",46,,,,,16,5, 3/8,3,0.38,125,0
,4/4/2023,Fonner Park,197,Give Em Shade,Adrian Ramos,3/19/2023,125,6,0,26,0,26.75,"$3,113.00 ",38,,,,,16,7,8-Jun,6,0.75,125,0
,4/4/2023,Fonner Park,198,Old Trafford,Nathan Haar,3/24/2023,125,2,0,0.5,0.3684,82.75,"$28,689.00 ",84,,,,,11,6, 1/5,1,0.2,125,1
,4/4/2023,Fonner Park,198,Hot Artie,Kevin Roman,3/24/2023,125,4,0,4.7,0.1304,75.75,"$23,992.00 ",76,,,,,11,5, 2/5,2,0.4,125,0
,4/4/2023,Fonner Park,198,Sancocho (MEX),Ricardo Martinez,3/18/2023,125,1,0,5.4,0.3333,69.75,"$15,527.00 ",84,,,,,17,6, 1/7,1,0.14,125,0
,4/4/2023,Fonner Park,198,Silver Maker,Jose Medina,3/24/2023,125,6,0,14.15,0.2667,70,"$14,114.00 ",71,,,,,11,6, 3/5,3,0.6,125,0
,4/4/2023,Fonner Park,198,Random Affair,Adrian Ramos,3/24/2023,125,3,0,22.75,0.0833,68.25,"$4,042.00 ",70,,,,,11,6,5-May,5,1,125,0
,4/4/2023,Fonner Park,198,Gold Note,Roberto Morales,3/11/2023,125,5,0,5.6,0.3684,73.25,"$9,668.00 ",79,,,,,24,7,6-Mar,3,0.5,125,0
,4/4/2023,Fonner Park,199,Tough Company,Jose Medina,2/26/2023,125,3,0,3.1,0.2308,71.25,"$17,684.00 ",68,,,,,37,6, 3/7,3,0.43,125,1
,4/4/2023,Fonner Park,199,Shipman's Song,Kevin Roman,3/24/2023,125,2,0,1.6,0.2308,55.75,"$12,613.00 ",76,,,,,11,6, 1/6,1,0.17,125,0
,4/4/2023,Fonner Park,199,Good One,Armando Martinez,2/11/2023,125,5,0,5.4,0.1111,67.5,"$5,158.00 ",62,,,,,52,6, 5/8,5,0.63,125,0
,4/4/2023,Fonner Park,199,Debonnaire Dude,Roberto Morales,2/26/2023,125,6,0,3.25,0.1667,58,"$7,234.00 ",73,,,,,37,6, 2/7,2,0.29,125,0
,4/4/2023,Fonner Park,199,Blabimir,Zack Ziegler,3/18/2023,125,4,0,25.4,0.125,55.25,"$1,899.00 ",51,,,,,17,9, 7/9,7,0.78,125,0
,4/4/2023,Fonner Park,199,Gimme Space,Ricardo Martinez,3/17/2023,125,7,0,20.95,0,19,"$4,876.00 ",25,,,,,18,7,4-Apr,4,1,125,0
,4/4/2023,Fonner Park,199,Most Amusing,Adrian Ramos,3/24/2023,125,1,0,6.8,0.1429,67,"$17,983.00 ",72,,,,,11,8,6-Feb,2,0.33,125,0
,4/4/2023,Fonner Park,200,Remarkable Charm,Ricardo Martinez,3/24/2023,125,6,0,12.7,0.1429,54.5,"$5,775.00 ",51,,,,,11,8,8-Jun,6,0.75,125,0
,4/4/2023,Fonner Park,200,High Value Target,Armando Martinez,4/1/2023,125,7,0,2.3,0.1765,49.5,"$12,942.00 ",48,,,,,3,5, 6/7,6,0.86,123,0
,4/4/2023,Fonner Park,200,Jack's Party Girl,Nathan Haar,3/18/2023,125,3,0,9.7,0.0833,46,"$15,498.00 ",38,,,,,17,8,8-Jun,6,0.75,125,0
,4/4/2023,Fonner Park,200,Nebraska Red,Adrian Ramos,3/24/2023,125,5,0,7.2,0.1667,52,"$9,729.00 ",54,,,,,11,5, 5/8,5,0.63,125,0
,4/4/2023,Fonner Park,200,Dakamo Rose,Jose Medina,3/21/2023,125,2,0,7.3,0.25,33.5,"$2,529.00 ",21,,,,,14,6, 7/8,7,0.88,121,0
,4/4/2023,Fonner Park,200,Sheza Savage,Bryan McNeil,3/24/2023,125,1,0,7.3,0.2,62,"$2,016.00 ",61,,,,,11,5,8-Feb,2,0.25,125,0
,4/4/2023,Fonner Park,200,Palm Court,Chris Fackler,4/1/2023,125,4,0,4.7,0.1429,66.25,"$11,892.00 ",63,,,,,3,5, 6/7,6,0.86,123,1
